page,table_num,name,content
1,30,"Inhaled and Injected Corticosteroids  
‒ Table 35: Anticonvulsants  
‒ Table 45: Rifamycins and Other Antituberculosis Medications  
Intended users  Clinicians who prescribe and manage antiretroviral therapy for the prevention and 
treatment of HIV  
Lead author  John J. Faragon, PharmD, BCPS, AAHIVP  
Writing group  Rona M. Vail, MD, AAHIVS; Sanjiv S. Shah, MD, MPH, AAHIVS; Steven M. Fine, MD, PhD; 
Joseph P. McGowan, MD, FACP, FIDSA, AAHIVS; Samuel T. Merrick, MD, FIDSA; Asa E. Radix, 
MD, MPH, PhD, FACP, AAHIVS; Jessica Rodrigues, MPH, MS; Christopher J. Hoffmann, MD, 
MPH, MSc, FACP; Brianna L. Norton, DO, MPH; Charles J. Gonzalez, MD  
Author and writing group 
conflict of interest 
disclosures There are no author or writing group conflict of interest disclosures. 
Date of original publication  April 25, 2019 
Committee Medical Care Criteria Committee  
Developer and funder  New York State Department of Health AIDS Institute","(NYSDOH AI)  
Development process  See Supplement: Guideline Development and Recommendation Ratings  
Related NYSDOH AI 
resources  Guideline 
• Rapid ART Initiation  
Podcast  
• Viremic —Cases in HIV"
2,1,Mechanisms of Antiretroviral Drug -Drug,"  ................................................................................... 10 
"
2,2,"Induction Potential of Ritonavir and Cobicistat Used as Boosters  ................................................................. 12 
Pharmacokinetic","  .............................................................................................................................................. 12 
Other Drug -Drug Interactions  .............................................................................................................................................. 13 
Drug- Drug Interactions by Antiretroviral Medication Class  ..................................................................................................... 14 
Boosted"
2,1,"Mechanisms of Antiretroviral Drug -Drug Interactions  ................................................................................... 10 
Table 2: Induction Potential of Ritonavir and Cobicistat Used as Boosters  ................................................................. 12 
Pharmacokinetic Interactions  .............................................................................................................................................. 12 
Other Drug -Drug Interactions  .............................................................................................................................................. 13 
Drug- Drug Interactions by Antiretroviral Medication Class  ..................................................................................................... 14 
Boosted Protease Inhibitors","(PIs)  ........................................................................................................................................ 15 
"
2,3,Boosted Atazanavir,"(ATV) Interactions  ........................................................................................................... 15 
"
2,4,Boosted Darunavir,"(DRV) Interactions  ........................................................................................................... 23 
Integrase Strand Transfer Inhibitors (INSTIs) ....................................................................................................................... 30 
"
2,5,Bictegravir,"(BIC) Interactions  .......................................................................................................................... 30 
"
2,6,Cabotegravir,"(CAB) Interactions  ..................................................................................................................... 31 
"
2,7,Dolutegravir,"(DTG) Interactions  ..................................................................................................................... 32 
"
2,8,Boosted Elvitegravir,"(EVG) Interactions  ......................................................................................................... 33 
"
2,9,Raltegravir,"(RAL) Interactions  ......................................................................................................................... 38 
Non- Nucleoside Reverse Transcriptase Inhibitors (NNRTIs) ................................................................................................ 39 
"
2,10,Doravirine,"(DOR) Interactions  ...................................................................................................................... 39 
"
2,11,Rilpivirine,"(RPV) Interactions  ........................................................................................................................ 40 
"
2,12,Efavirenz,"(EFV) Interactions  ......................................................................................................................... 42 
"
2,13,Etravirine,"(ETR) Interactions  ......................................................................................................................... 45 
Nucleoside Reverse Transcriptase Inhibitors (NRTIs)  .......................................................................................................... 49 
"
2,14,Abacavir,"(ABC) Interactions  .......................................................................................................................... 49 
"
2,15,Tenofovir Disoproxil Fumarate,"(TDF) and Tenofovir Alafenamide (TAF) Interactions  ................................. 49 
T
able 16: Lamivudine (3TC) and Emtricitabine (FTC) Interactions  ............................................................................... 50 
Entry Inhibitors (EIs)  ............................................................................................................................................................ 51 
"
2,17,Fostemsavir,"(FTR) Interactions  ..................................................................................................................... 51 
"
2,18,Maraviroc,"(MVC) Interactions  ...................................................................................................................... 52 
Capsid Inhibitor  .................................................................................................................................................................... 53 
"
2,20,"Common Oral Antibiotics  ............................................................................................................................. 59 
Table 21: Antihypertensive Medications  ..................................................................................................................... 59 
Table 22: Anticoagulants  .............................................................................................................................................. 61 
Table 23: Antiplatelet Medications  .............................................................................................................................. 63 
Table 24: Statins  ................................ ................................ ................................ ................................ ...........................  64",
3,25,"Antidiabetic Medications  ................................ ................................ ................................ .............................  66 
Table 26: Acid- Reducing Agents  ................................................................................................................................... 68 
Table  27: Polyvalent Cations  ....................................................................................................................................... 70 
Table 28: Asthma and Allergy Medications  .................................................................................................................. 72 
Table 29: Long -Acting Beta Agonists  ............................................................................................................................ 72 
Table 30: Inhaled and Injected Corticosteroids  ........................................................................................................... 73 
Table 31: Antidepressants  ............................................................................................................................................ 75 
Table 32: Benzodiazepines  ........................................................................................................................................... 76 
Table 33: Sleep Medications  ........................................................................................................................................ 77 
Table 34: Antipsychotics  .............................................................................................................................................. 78 
Table 35: Anticonvulsants  ............................................................................................................................................ 80 
Table 36: Nonopioid Pain Medications  ........................................................................................................................ 83 
Table 37: Opioid Analgesics and Tramadol  .................................................................................................................. 84 
Table 38: Hormonal Contraceptives  ............................................................................................................................. 85 
Table 39: Erectile and Sexual Dysfunction Agents  ....................................................................................................... 86 
Table 40: Alpha -Adrenergic Antagonists for Benign Prostatic Hyperplasia  ................................................................. 88 
Table 41: Tobacco and Smoking Cessation Products  ................................................................................................... 88 
Table 42: Alcohol, Disulfiram, and Acamprosate  ......................................................................................................... 89 
Table 43: Methadone, Buprenorphine, Naloxone, and Naltrexone  ............................................................................. 90 
Table 44: Immunosuppressants  ................................................................................................................................... 91 
Table 45: Rifamycins and Other Antituberculosis Medications  ...................................................................................  92 
Table 46: COVID- 19 Therapeutics  ................................................................................................................................ 95 
Table 47: Mpox Treatments  ......................................................................................................................................... 96 
Table 48: Gender -Affirming Hormones ........................................................................................................................ 97 
Table 49: ADHD Medications and Lithium  ................................................................................................................. 100 
References  ............................................................................................................................................................................. 101 
Supplement: Guideline Development and Recommendation Ratings  ................................ ................................ ..................  108 
Purpose of This Resource 
The New York State Department of Health","(NYSDOH) AIDS Institute (AI) developed this reference for clinicians who prescribe 
antiretroviral (ARV) medications to accomplish the following:  
• Provide a central source of information on drug- drug interactions involving ARV medications  
• Assist healthcare providers in preventing or managing drug -drug interactions that could have a negative or dangerous 
effect on patient health  
• Balance the risks and benefits of reported drug- drug interactions to identify those that should or must "
9,1,Mechanisms of Antiretroviral,"(ARV) Drug -Drug Interactions, below, shows the influence of specific ARVs on liver 
enzymes and describes the effect of specific ARVs on these drug transport proteins.  
Pharmacodynamic Interactions  
Pharmacodynamic interactions are drug-drug interactions that involve the direct effects of the interacting drugs and a change 
in a patient’s response to the drugs [Trevor, et al. 2013] . Pharmacodynamic interactions may involve pharmacologic 
receptors, and drugs may be agonists or antagonists of"
10,1,Mechanisms of Antiretroviral,"(ARV) Drug -Drug Interactions  
Cited references are listed at bottom of table; also see prescribing information.  
ARV  CYP Substrate  CYP Inhibitor  CYP Inducer  UGT1A1  Drug Transport Protein Other  
Integrase Strand Inhibitors (INSTIs)  
BIC [1] 3A4 (minor) — — Substrate  Inhibitor of MATE1, OCT2  Chelation  
CAB [2]  — — — Substrate  P-gP substrate; OATP1 
inhibitor  — 
DTG [3] 3A4 (minor) — — Substrate  P-gP substrate; Inhibitor 
of MATE2, OCT2  Chelation  
EVG [4] 3A4 — 2C9 Substrate  — C"
11,1,Mechanisms of Antiretroviral,"(ARV) Drug -Drug Interactions  
Cited references are listed at bottom of table; also see prescribing information.  
ARV  CYP Substrate  CYP Inhibitor  CYP Inducer  UGT1A1  Drug Transport Protein Other  
TDF [18]  — — — — Substrate of P -gP, OATP, 
MRP — 
Entry Inhibitors (EIs)  
FTR [19]  3A4 — — — Substrate of P -gP, BCRP; 
Inhibitor of OATP, BCRP  — 
IBA [a] [20]  — — — — — — 
MVC [21]  3A4 — — — P-gP substrate — 
Capsid Inhibitor  
LEN [22]  3A4 (minor) 3A4 (moderate)  — Substrate (minor)  P-"
12,2,"Induction Potential of Ritonavir [a] and Cobicistat Used as Boosters  
 Ritonavir Cobicistat  
Cytochrome  
CYP1A2  Moderate inducer  Clinically negligible effect  
CYP2B6  Moderate inducer  Clinically negligible effect  
CYP2C8  Moderate inhibitor  Clinically negligible effect  
CYP2C9  Moderate inducer  Clinically negligible effect  
CYP2C19  Strong inducer  Clinically negligible effect  
CYP2D6  Moderate inhibitor  Mild inhibitor  
CYP3A4  Strong inhibitor Strong inhibitor  
Transporter  
P-gP Moderate inhibitor  Moderate inhibitor  
UGT Moderate inducer  Clinically negligible effect  
BCRP Moderate inhibitor  Moderate inhibitor  
OATP1B1  Moderate inhibitor  Moderate inhibitor  
OATP1B3  Moderate inhibitor  Moderate inhibitor  
MATE1  Moderate inhibitor  Moderate inhibitor  
MATE2 -K Clinically negligible effect  Clinically negligible effect  
OAT1  Clinically negligible effect  Clinically negligible effect  
OAT3  Weak inducer  Clinically negligible effect  
OCT2  Clinically negligible effect  Clinically negligible effect  
Abbreviations:  BCRP, breast cancer resistance protein; CYP, cytochrome P450; MATE, multidrug and toxin extrusion; OAT, organic anion 
transporter; OATP, organic anion transporting protein; OCT, organic cation transporter; P -gP, P- glycoprotein; UGT, uridine diphosphate 
glucuronosyltransferase.  
Note: 
a. The information above is expected when ritonavir is given at doses used to boost other protease inhibitors. Effects may chang e at 
higher doses of ritonavir because this drug has a mixed effect","(both induction and inhibition) on several CYP isoenzymes when  
studied at higher doses.  
Sources:  [Tseng, et al. 2017; Marzolini, et al. 2016; Foisy, et al. 2008] 
Pharmacokinetic Interactions  
Pharmacokinetic interactions involve the modification of drug absorption, distribution, metabolism, and excretion [Trevor, et 
al. 2013] . 
Absorption: Modification of gastric pH will influence the absorption of drugs that require the acidity of the stomach (e.g., the 
absorption of both rilpivirine "
13,1,"Mechanisms of 
Antiretroviral","(ARV) Drug- Drug Interactions, above, as a helpful starting point, but be aware that the chart is not meant to be 
a finite resource on the pharmacokinetic effects of the listed ARVs.  
Other Drug -Drug Interactions  
Drug- drug interactions may also result from modification of drug transport proteins, which exist throughout the body (e.g., 
kidney, liver, small intestine, and blood- brain barrier). As their name suggests, these drugs are important in the transfer of a 
drug or other endogenous "
15,3,Boosted Atazanavir,"(ATV) Interactions  (also see prescribing information) 
Class or Drug  Mechanism of Action  Clinical Comments  
Proton pump inhibitors (PPIs)  
[Brooks, et al. 2017; Falcon and 
Kakuda 2008; Kiser, et al. 2008]  • ATV requires acidic gastric pH for absorption, and acid-
reducing agents interfere with ATV absorption.  
• PPIs may markedly reduce ATV concentration and AUC.  • Unboosted ATV: Do not coadminister with PPIs  if it is possible 
to use an alternative acid -reducing agent, alternative PI"
16,3,Boosted Atazanavir,"(ATV) Interactions  (also see prescribing information) 
Class or Drug  Mechanism of Action  Clinical Comments  
Alpha -adrenergic antagonists 
for benign prostatic 
hyperplasia  Boosted or unboosted ATV (i.e., with or without COBI or RTV) 
inhibits CYP3A4 and other transporters.  • Alfuzosin, silodosin Concomitant use is contraindicated.  
• Doxazosin, terazosin:  PIs may be used concurrently; potential 
increases in doxazosin and terazosin levels are possible. Dose 
reduction may be necessary. "
17,3,Boosted Atazanavir,"(ATV) Interactions  (also see prescribing information) 
Class or Drug  Mechanism of Action  Clinical Comments  
• Edoxaban:  
‒ For stroke prevention in patients with nonvalvular atrial 
fibrillation: No dose adjustments are necessary.  
‒ For patients with DVT and PE: Administer edoxaban 30 mg 
once daily.  
• Rivaroxaban:  Do not coadminister. 
• Warfarin:  Use cautiously with warfarin; if use is necessary, 
increase INR monitoring.  
‒ If INR increases, decrease warfarin dose.  
‒ If INR decr"
18,3,Boosted Atazanavir,"(ATV) Interactions  (also see prescribing information) 
Class or Drug  Mechanism of Action  Clinical Comments  
Inhaled, intranasal, and 
injected corticosteroids 
[Saberi, et al. 2013; Daveluy, et al. 2009]  • Boosted PIs are strong inhibitors of CYP3A, and many 
corticosteroids are substrates of these enzymes.  
• Risk of Cushing’s syndrome occurs when boosted ATV is 
coadministered with the following corticosteroids: 
‒ Intranasal or inhaled: Fluticasone, mometasone, ciclesonide, 
budesonide,"
19,3,Boosted Atazanavir,"(ATV) Interactions  (also see prescribing information) 
Class or Drug  Mechanism of Action  Clinical Comments  
• Brexpiprazole:  Administer at 50% of brexpiprazole dose and 
adjust dose as necessary.  
• Lumateperone:  Do not coadminister. 
• Pimozide:  Concomitant use is contraindicated. 
• Risperidone: Initiate at low dose and titrate slowly to achieve 
clinical effect; monitor for adverse effects.  
• Ziprasidone:  Monitor for adverse effects, including QTc 
prolongation. 
• Cariprazine: Con"
20,3,Boosted Atazanavir,"(ATV) Interactions  (also see prescribing information) 
Class or Drug  Mechanism of Action  Clinical Comments  
Nonopioid pain medications  • Eletriptan: Metabolism inhibited by boosted PIs.  
• TCAs:  PIs and TCAs can both cause QT prolongation.  • Eletriptan:  Do not coadminister; use alternative triptan 
medication.  
• TCAs:  With concomitant use of high -dose TCAs and PIs, 
consider monitoring for QT prolongation and other cardiac 
adverse effects or consider alternative medications.  
Othe"
21,3,Boosted Atazanavir,"(ATV) Interactions  (also see prescribing information) 
Class or Drug  Mechanism of Action  Clinical Comments  
Opioid analgesics  Complex mechanisms of metabolism and formation of both active 
and inactive metabolites create interactions of unclear 
significance between these drugs and boosted PIs.  Monitor for signs of opiate toxicity and analgesic effect; dose 
these analgesics accordingly.  
Tramadol Tramadol exposure is increased with CYP3A inhibition, but this 
reduces conversion to more p"
22,3,Boosted Atazanavir,"(ATV) Interactions  (also see prescribing information) 
Class or Drug  Mechanism of Action  Clinical Comments  
COVID -19 therapeutics  • Molnupiravir and monoclonal antibodies  do not affect 
CYP450, P -gP, or other drug metabolism transporters.  
• Nirmatrelvir/RTV: Inhibition of CYP3A4, P -gP, and other 
transporters may increase plasma concentrations of other PIs. • Molnupiravir, monoclonal antibodies: Drug interactions are 
unlikely.  
• Nirmatrelvir/RTV: Patients on RTV - or COBI -containi"
23,4,Boosted Darunavir,"(DRV) Interactions  (also see prescribing information) 
Class or Drug  Mechanism of Action  Clinical Comments  
Simvastatin, lovastatin  
[Feinstein, et al. 2015; Chauvin, 
et al. 2013]  • Simvastatin and lovastatin are substrates for CYP3A4, CYP2D6, 
OATP1B1, and drug transporter P -gP; boosted DRV greatly 
increases concentrations.  
• COBI inhibits CYP3A4, CYP2D6, OATP1B1, and P -gP. • Concomitant use is contraindicated due to potential for 
myopathy, including rhabdomyolysis.  
• Consider us"
24,4,Boosted Darunavir,"(DRV) Interactions  (also see prescribing information) 
Class or Drug  Mechanism of Action  Clinical Comments  
• Edoxaban:  
‒ For stroke prevention in patients with nonvalvular atrial 
fibrillation: No dose adjustments are necessary.  
‒ For patients with DVT and PE: Administer edoxaban 30 mg 
once daily.  
• Rivaroxaban:  Do not coadminister. 
• Warfarin:  Use cautiously with warfarin; if use is necessary, 
increase INR monitoring.  
‒ If INR increases, decrease warfarin dose.  
‒ If INR decr"
25,4,Boosted Darunavir,"(DRV) Interactions  (also see prescribing information) 
Class or Drug  Mechanism of Action  Clinical Comments  
Calcium channel blockers 
(CCBs)  Boosted PIs may increase CCB concentrations by as much as 50%.  When using with boosted PIs, decrease original CCB dose by as 
much as 50% and titrate slowly to achieve clinical effect.  
Eplerenone  
[Keating and Plosker 2004]  DRV inhibits hepatic CYP3A4 isoenzyme and can increase serum 
concentrations of eplerenone.  Avoid concomitant use to avoid i"
26,4,Boosted Darunavir,"(DRV) Interactions  (also see prescribing information) 
Class or Drug  Mechanism of Action  Clinical Comments  
• Prednisolone, prednisone (systemic):  Concomitant use is 
contraindicated unless potential benefits outweigh risk; if use 
cannot be avoided, use for shortest effective duration.  
• Betamethasone, triamcinolone (injectable): Concomitant use 
is contraindicated unless benefits outweigh risk.  
• Dexamethasone (systemic):  Concomitant use is 
contraindicated unless potential benefits "
27,4,Boosted Darunavir,"(DRV) Interactions  (also see prescribing information) 
Class or Drug  Mechanism of Action  Clinical Comments  
• Cariprazine:  Consult DHHS guideline  for full dosing 
recommendations and clinical comments [DHHS(c) 2024] . 
• Clozapine:  Monitor carefully for clozapine- related adverse 
effects. 
HCV PIs (“ -previr” drugs)  
[Soriano, et al. 2017]  Inhibition of CYP3A4, P -gP, and OATP1B1 by boosted PIs may 
increase plasma concentrations of other PIs.  Avoid concomitant use to avoid adverse ef"
28,4,Boosted Darunavir,"(DRV) Interactions  (also see prescribing information) 
Class or Drug  Mechanism of Action  Clinical Comments  
Tramadol Tramadol exposure is increased with CYP3A inhibition, but this 
reduces conversion to more potent active metabolite seen when 
tramadol is metabolized by CYP2D6.  When tramadol is given with COBI or RTV, monitoring for 
tramadol- related adverse effects and analgesic effect may be 
required as clinically indicated; adjust tramadol dose if indicated.  
Hormonal contraceptives  "
29,4,Boosted Darunavir,"(DRV) Interactions  (also see prescribing information) 
Class or Drug  Mechanism of Action  Clinical Comments  
COVID -19 therapeutics  • Molnupiravir and monoclonal antibodies  do not affect 
CYP450, P -gP, or other drug metabolism transporters.  
• Nirmatrelvir/RTV: Inhibition of CYP3A4, P -gP, and other 
transporters may increase plasma concentrations of other PIs. • Molnupiravir, monoclonal antibodies: Drug interactions are 
unlikely.  
• Nirmatrelvir/RTV: Patients on RTV - or COBI -containi"
30,5,Bictegravir,"(BIC) Interactions (also see prescribing information)  
Class or Drug  Mechanism of Action  Clinical Comments  
Antacids  BIC chelates with cations, forming insoluble compounds that 
inactivate both drugs.  • Aluminum/magnesium -containing antacids: Administer 
antacids at least 6 hours before or 2 hours after BIC.  
• Calcium- containing antacids:  
‒ Administer BIC and antacids together with food.  
‒ Do not coadminister BIC simultaneously with antacids on 
empty stomach.  
Other polyvalent ca"
31,5,Bictegravir,"(BIC) Interactions (also see prescribing information)  
Class or Drug  Mechanism of Action  Clinical Comments  
Note:  
a. The INSIGHT study evaluated BIC/TAF/FTC given twice daily with rifampin for managing TB and showed viral suppression rates similar to DTG  given twice daily with TDF/3TC, with trough 
BIC C min and AUC significantly reduced. Biktarvy is contraindicated for coadministration with rifampin, also known as rifampicin, by the U.S. Food and Drug Administration. The use of 
Biktarvy"
31,6,Cabotegravir,"(CAB) Interactions (also see prescribing information)  
The combination CAB/RPV antiretroviral therapy regimen can be used during an oral medication lead -in period and then as monthly long -acting injections; also see "
31,11,Rilpivirine,"(RPV) Interactions . 
Class or Drug  Mechanism of Action  Clinical Comments  
Carbamazepine, 
oxcarbazepine, phenobarbital, 
phenytoin  Coadministration may significantly reduce CAB concentrations 
through induction of CYP450, UGT1A, and/or P -gP system.  Concomitant use is contraindicated.  
Rifabutin, rifampin, rifapentine  Coadministration may significantly reduce CAB concentrations 
through induction of CYP450, UGT1A, and/or P -gP system.  • Rifampin, rifapentine:  Concomitant use is contrai"
32,7,Dolutegravir,"(DTG) Interactions (also see prescribing information)  
Class or Drug  Mechanism of Action  Clinical Comments  
Dofetilide  
[Feng and Varma 2016; Max 
and Vibhakar 2014]  DTG inhibits renal OCT2 and MATE1, and these transporters 
eliminate dofetilide.  Avoid concomitant use (may cause QT prolongation or torsades 
de pointes).  
Metformin 
[Gervasoni, et al. 2017; Song, 
et al. 2016]  DTG inhibits renal OCT2, MATE1, and MATE2, which are involved 
in metformin elimination.  • Administer at lowest"
33,7,Dolutegravir,"(DTG) Interactions (also see prescribing information)  
Class or Drug  Mechanism of Action  Clinical Comments  
antagonists for benign prostatic hyperplasia; tobacco and smoking cessation products; alcohol, disulfiram, and acamprosate; m ethadone, buprenorphine, naloxone, and naltrexone; 
immunosuppressants; COVID -19 therapeutics; mpox treatments; gender -affirming hormones; ADHD medications and lithium. 
 
"
33,8,Boosted Elvitegravir,"(EVG) Interactions  (also see prescribing information)  
Class or Drug  Mechanism of Action  Clinical Comments  
Antacids  EVG chelates with polyvalent cations, which may reduce 
absorption of both agents.  Aluminum -, magnesium -, and/or calcium -containing antacids:  
When taken with EVG, separate doses by at least 2 hours.  
Alpha -adrenergic antagonists 
for benign prostatic 
hyperplasia  COBI -boosted EVG inhibits CYP3A4 and other transporters and is 
likely to increase levels of select dru"
34,8,Boosted Elvitegravir,"(EVG) Interactions  (also see prescribing information)  
Class or Drug  Mechanism of Action  Clinical Comments  
Cilostazol, ticagrelor, 
clopidogrel  
[Tseng, et al. 2017; Egan, et al. 
2014]  • Cilostazol  may be metabolized by CYP3A; COBI -boosted EVG 
can increase concentrations of this drug.  
• Ticagrelor:  Strong CYP3A4 inhibitors may increase ticagrelor 
exposure.  
• Clopidogrel:  Boosted EVG significantly d ecreases production of 
clopidogrel’s active metabolite.  
• Prasugrel:  Booste"
35,8,Boosted Elvitegravir,"(EVG) Interactions  (also see prescribing information)  
Class or Drug  Mechanism of Action  Clinical Comments  
Rosuvastatin 
[Custodio, et al. 2014]  • Rosuvastatin is a substrate of OATP1B1, OATP1B3, and CYP2C9.  
• COBI inhibits OATP.  
• EVG induces CYP2C9.  
• Boosted EVG may moderately increase concentrations.  Use lowest effective dose of rosuvastatin and titrate carefully to achieve clinical effect; monitor for adverse effects.  
Fluvastatin Interaction has not been studied, but potenti"
36,8,Boosted Elvitegravir,"(EVG) Interactions  (also see prescribing information)  
Class or Drug  Mechanism of Action  Clinical Comments  
Alprazolam, clonazepam, 
diazepam Boosting with cobicistat may increase benzodiazepine 
concentrations via CYP3A4 inhibition.  Consider alternative benzodiazepine (e.g., lorazepam, oxazepam, 
temazepam); if used, administer lowest effective dose; monitor 
closely for adverse effects.  
Midazolam, triazolam  Levels likely to be increased by COBI -boosted EVG.  • Midazolam: 
‒ Oral: Con"
37,8,Boosted Elvitegravir,"(EVG) Interactions  (also see prescribing information)  
Class or Drug  Mechanism of Action  Clinical Comments  
Eletriptan Eletriptan is a CYP3A substrate and concentrations may be 
increased if given with strong inhibitors of this enzyme.  Do not coadminister; use alternative triptan medication.  
Opioid analgesics  Complex mechanisms of metabolism and formation of both active 
and inactive metabolites create interactions of unclear 
significance between these drugs and boosted EVG.  Monitor f"
38,8,Boosted Elvitegravir,"(EVG) Interactions  (also see prescribing information)  
Class or Drug  Mechanism of Action  Clinical Comments  
• Tecovirimat  may reduce EVG/COBI levels, though effects are 
not likely to be clinically relevant. No dose adjustment in either 
drug is necessary.  
ADHD medications  • Methylphenidate, amphetamine, dextroamphetamine:  
CYP2D6 inhibition may increase drug concentrations with 
concurrent RTV use. Less effect found with COBI.  
• Modafinil:  CYP3A4 induction may reduce EVG and COBI l"
38,9,Raltegravir,"(RAL) Interactions (also see prescribing information)  
Class or Drug  Mechanism of Action  Clinical Comments  
Antacids and other polyvalent 
cations 
[Krishna, et al. 2016; Calcagno, 
et al. 2015; Kiser, et al. 2010]  RAL chelates with cations, forming insoluble compounds that 
inactivate both drugs. • Aluminum -magnesium hydroxide antacids:  Concomitant use 
is contraindicated; use alternative acid -reducing agent.  
• Calcium carbonate antacids:  
‒ RAL HD once per day is contraindicated.  
"
39,9,Raltegravir,"(RAL) Interactions (also see prescribing information)  
Class or Drug  Mechanism of Action  Clinical Comments  
• Rifapentine:  
‒ For 900  mg once -weekly rifapentine and RAL 400  mg twice 
daily, no dose adjustments are necessary.  
‒ Do not coadminister RAL with once -daily rifapentine.  
Abbreviations:  CYP, cytochrome P450; UGT, uridine diphosphate glucuronosyltransferase.  
No significant interactions/no dose adjustments necessary (see guideline section Drug -Drug Interactions by Common Me"
39,10,Doravirine,"(DOR) Interactions (also see prescribing information)  
Class or Drug  Mechanism of Action  Clinical Comments  
Strong inducers or inhibitors of 
CYP3A  
[Deeks 2018]  DOR is a CYP3A substrate, and as such, drugs that affect its 
metabolism affect its concentrations.  • Avoid concomitant use if possible.  
• Dose adjustments of DOR are not recommended.  
• Consider alternative concomitant agents.  
Carbamazepine, oxcarbazepine, phenobarbital, 
phenytoin  Coadministration may significantly reduce"
40,10,Doravirine,"(DOR) Interactions (also see prescribing information)  
Class or Drug  Mechanism of Action  Clinical Comments  
Note:  
a. No data are currently available on effects related to concurrent use of tecovirimat and HIV medications. However, midazolam AUC was reduced by 32% with concomitant tecovirimat 
use, and some experts recommend caution due to the mild CYP3A4 induction associated with tecovirimat. Among them is University of Liverpool HIV Drug Interactions , which makes the 
following dosing ch"
40,11,Rilpivirine,"(RPV) Interactions (also see prescribing information)  
The combination CAB/RPV antiretroviral therapy regimen can be used during an oral medication lead -in period and then as monthly long -acting injections; also see "
40,6,Cabotegravir,"(CAB) Interactions . 
Class or Drug  Mechanism of Action  Clinical Comments  
Macrolides  Coadministration may increase RPV levels.  Consider alternatives. Increased RPV levels when combined with 
macrolides may lead to increased risk of torsades de pointes.  
Proton pump inhibitors (PPIs)  
[Schafer and Short 2012]  • PPIs inhibit gastric acid secretion by proton pumps, thereby 
increasing gastric pH.  
• Oral RPV requires acidic environment for optimal absorption.  • Concurrent use of PPIs wit"
41,11,Rilpivirine,"(RPV) Interactions (also see prescribing information)  
The combination CAB/RPV antiretroviral therapy regimen can be used during an oral medication lead -in period and then as monthly long -acting injections; also see "
41,6,Cabotegravir,"(CAB) Interactions . 
Class or Drug  Mechanism of Action  Clinical Comments  
Long -acting beta agonists 
(LABAs)  RPV and drugs from LABA class may both theoretically increase 
QT interval, especially at high doses.  • No dose adjustments are necessary.  
• Do not use more LABA than recommended; this can increase 
risk of QT prolongation.  
Antipsychotics  No significant interactions reported.  No dose adjustments are necessary, but avoid excess doses of 
either antipsychotic or RPV because exc"
42,11,Rilpivirine,"(RPV) Interactions (also see prescribing information)  
The combination CAB/RPV antiretroviral therapy regimen can be used during an oral medication lead -in period and then as monthly long -acting injections; also see "
42,6,Cabotegravir,"(CAB) Interactions . 
Class or Drug  Mechanism of Action  Clinical Comments  
following dosing change recommendations, although they are not based on any clinical data: Increase dose to 50  mg daily for the duration of tecovirimat treatment and for 2 weeks 
after tecovirimat is stopped.  
No significant interactions/no dose adjustments necessary (see guideline section Drug -Drug Interactions by Common Medication Class ): Common oral antibiotics; antihypertensive 
medications; anticoagulants; ant"
42,12,Efavirenz,"(EFV) Interactions (also see prescribing information)  
Class or Drug  Mechanism of Action  Clinical Comments  
Warfarin Metabolism of warfarin could potentially increase (or more rarely 
decrease).  Use cautiously with warfarin; if use is necessary, increase INR 
monitoring.  
• If INR increases, decrease warfarin dose.  
• If INR decreases, increase warfarin dose slowly.  
Bupropion  
[Robertson, et al. 2008]  EFV induces bupropion metabolism.  Monitor for clinical effect and increase as neede"
43,12,Efavirenz,"(EFV) Interactions (also see prescribing information)  
Class or Drug  Mechanism of Action  Clinical Comments  
Inhaled and injected 
corticosteroids Coadministration may reduce corticosteroid concentrations.  Dexamethasone (systemic):  Consider alternative corticosteroid 
for long -term use; if benefits of use outweigh risks, monitor for 
virologic response.  
Trazodone  EFV may decrease trazodone concentrations.  Monitor for antidepressant and/or sedative effects.  
Benzodiazepines  Alprazolam"
44,12,Efavirenz,"(EFV) Interactions (also see prescribing information)  
Class or Drug  Mechanism of Action  Clinical Comments  
• Norethindrone, drospirenone, etonogestrel: Consider 
alternative or additional contraceptive method or alternative 
ARV.  
• Ulipristal: Monitor closely for reduced efficacy.  
Erectile and sexual dysfunction agents • PDE5 inhibitors:  EFV may reduce effectiveness of PDE5 
inhibitors (sildenafil, vardenafil, and tadalafil).  
• Flibanserin: EFV may reduce flibanserin concentrations. "
45,12,Efavirenz,"(EFV) Interactions (also see prescribing information)  
Class or Drug  Mechanism of Action  Clinical Comments  
COVID -19 therapeutics  • Molnupiravir and monoclonal antibodies  do not affect 
CYP450, P -gP, or other drug metabolism transporters.  
• Nirmatrelvir/RTV: Inhibition of CYP3A4, P -gP, and other 
transporters may increase plasma concentrations of other 
medications.  • Molnupiravir, monoclonal antibodies: Drug interactions are 
unlikely.  
• Nirmatrelvir/RTV: Drug interactions are unl"
45,13,Etravirine,"(ETR) Interactions (also see prescribing information)  
Class or Drug  Mechanism of Action  Clinical Comments  
Aliskiren  ETR is a minor inhibitor of P -gP and may minimally increase 
aliskiren concentrations, but this has not been studied.  When using with ETR, monitor for aliskiren -related adverse 
effects; switch to alternative antihypertensive medicine or ARV if necessary.  
Warfarin Metabolism of warfarin could potentially increase (or more rarely 
decrease). Use cautiously with warfarin;"
46,13,Etravirine,"(ETR) Interactions (also see prescribing information)  
Class or Drug  Mechanism of Action  Clinical Comments  
Antiplatelet medications 
[Kakuda, et al. 2011; Rathbun 
and Liedtke 2010]  • Cilostazol:  ETR may reduce cilostazol concentrations. 
• Dipyridamole:  ETR may induce UGT enzymes, which are 
responsible for metabolism.  
• Ticagrelor, clopidogrel:  ETR reduces ticagrelor concentrations 
and conversion of clopidogrel to its active metabolite.  
• Vorapaxar:  When coadministered with ETR,"
47,13,Etravirine,"(ETR) Interactions (also see prescribing information)  
Class or Drug  Mechanism of Action  Clinical Comments  
Lamotrigine, zonisamide  ETR may reduce lamotrigine or zonisamide efficacy.  Titrate slowly to achieve clinical effect; monitor for efficacy.  
Hormonal contraceptives  Information is based on what is known with EFV drug 
interactions.  • Etonogestrel: No data available; consider alternative or 
additional contraceptive methods or alternative ARV.  
• Ulipristal: Monitor closely for re"
48,13,Etravirine,"(ETR) Interactions (also see prescribing information)  
Class or Drug  Mechanism of Action  Clinical Comments  
Dolutegravir (DTG)  
[Green, et al. 2017]  • ETR induces UGT1A1 and CYP3A enzymes.  
• DTG is a substrate of UGT1A1 and CYP3A enzymes.  ETR reduces DTG concentrations. Do not use concomitantly 
unless boosted PI is also part of treatment regimen.  
Lenacapavir (LEN)  CYP3A4 and P -gP induction associated with concomitant HIV 
treatment potentially deceases LEN levels.  Do not coadminis"
49,14,Abacavir,"(ABC) Interactions (also see prescribing information)  
Class or Drug  Mechanism of Action  Clinical Comments  
Alcohol 
[Yuen, et al. 2008; McDowell, et al. 2000]  ABC is metabolized via alcohol dehydrogenase, and competitive 
metabolism may increase exposure to ABC.  • Use may increase ABC concentrations; monitor for ABC- related 
adverse effects. 
• ABC does not appear to increase blood alcohol concentrations.  
Rifabutin, rifampin, rifapentine  • Rifabutin, rifapentine:  No clinically signif"
49,15,Tenofovir Disoproxil Fumarate,"(TDF) and Tenofovir Alafenamide (TAF) Interactions (also see prescribing information)  
Class or Drug  Mechanism of Action  Clinical Comments  
Adefovir 
[Jafari, et al. 2014]  • Adefovir and tenofovir have similar mechanisms of action and 
elimination as well as overlapping adverse effect profiles.  
• Competitive inhibition of elimination results in additive 
adverse effects. Avoid concomitant use to avoid increased risk of hepatic 
steatosis, lactic acidosis, and potential renal failure.  
Ot"
50,15,Tenofovir Disoproxil Fumarate,"(TDF) and Tenofovir Alafenamide (TAF) Interactions (also see prescribing information)  
Class or Drug  Mechanism of Action  Clinical Comments  
Potent CYP3A4 or P -gP 
inducers (phenytoin, 
carbamazepine, St. John’s 
wort, etc.)  
[Gibson, et al. 2016]  • CYP3A4 is a minor metabolic pathway for TAF, and as such, potent inducers of this enzyme may modestly reduce 
concentrations. 
• TAF is also a P- gP substrate, and inducers may decrease TAF 
concentrations. TAF:  Avoid coadministration of TAF w"
50,16,Lamivudine,"(3TC) and Emtricitabine (FTC) Interactions (also see prescribing information) 
Class or Drug  Mechanism of Action  Clinical Comments  
Mpox treatments  Cidofovir  is eliminated via glomerular filtration and active renal 
secretion by OAT1 and OAT3.  Cidofovir:  Avoid coadministration with nephrotoxic agents. 
Consider use of TAF in place of TDF and monitor for renal- related 
adverse effects. 
Abbreviations:  OAT, organic anion transporter; TAF, tenofovir alafenamide; TDF, tenofovir disoproxil f"
51,16,Lamivudine,"(3TC) and Emtricitabine (FTC) Interactions (also see prescribing information) 
Class or Drug  Mechanism of Action  Clinical Comments  
alcohol, disulfiram, and acamprosate; methadone, buprenorphine, naloxone, and naltrexone; immunosuppressants; rifamycins and other antituberculosis medications; COVID -19 
therapeutics; gender -affirming hormones; ADHD medications and lithium.  
Entry Inhibitors (EIs)  
"
51,17,Fostemsavir,"(FTR) Interactions (also see prescribing information) 
Class or Drug  Mechanism of Action  Clinical Comments  
Potent CYP3A4 or P -gP 
inducers (phenytoin, rifampin, 
carbamazepine, St. John’s 
wort, etc.)  CYP3A4 induction reduces FTR levels.  Do not coadminister.  
Antineoplastic agent 
(mitotane)  CYP3A4 induction reduces FTR levels.  Do not coadminister.  
Androgen receptor inhibitor 
(enzalutamide)  CYP3A4 induction reduces FTR levels.  Do not coadminister.  
HCV antiviral agents  FTR incre"
52,17,Fostemsavir,"(FTR) Interactions (also see prescribing information) 
Class or Drug  Mechanism of Action  Clinical Comments  
• Tecovirimat  may reduce FTR levels, though effects are not 
likely to be clinically relevant. No dose adjustment in either 
drug is necessary.  
Abbreviations:  CYP, cytochrome P450; GI, gastrointestinal; HCV, hepatitis C virus; LFT, liver function test; OATP, organic anion transporting polypeptide; P -gP, P -glycoprotein; RTV, 
ritonavir.  
No significant interactions/no dose adjustm"
52,18,Maraviroc,"(MVC) Interactions (also see prescribing information)  
Class or Drug  Mechanism of Action  Clinical Comments  
Potent CYP3A4 or P -gP 
inducers (St. John’s wort)  Reduced MVC levels are due to CYP3A4 induction.  Do not coadminister.  
COVID -19 therapeutics  • Molnupiravir and monoclonal antibodies  do not affect 
CYP450, P -gP, or other drug metabolism transporters.  
• Nirmatrelvir/RTV: Inhibition of CYP3A4, P -gP, and other 
transporters may increase plasma concentrations of other 
medicatio"
54,19B,Lenacapavir," When Used for HIV Prevention  and 
prescribing information for Yeztugo ."
57,19A,Lenacapavir," When Used for HIV Treatment  and prescribing 
information for Sunlenca .    
b. For individuals using subcutaneous LEN every 6 months for HIV prevention. No guidance is currently available for (1) individuals using weekly oral LEN for HIV prevention or (2) initiating 
subcutaneous LEN in individuals already using strong or moderate CYP3A4 inducers. 
No significant interactions/no dose adjustments necessary  (see guideline section Drug -Drug Interactions by Common Medication Class ): Common oral"
59,20,Common Oral Antibiotics,"(also see prescribing information) 
→ Penicillins, cephalosporins, tetracyclines, macrolides, fluoroquinolones, sulfamethoxazole -trimethoprim [a], linezolid, dapsone  
Class or Drug  Mechanism of Action  Clinical Comments  
• NRTIs  
• Dolutegravir (DTG)  
• Bictegravir (BIC)  
• Raltegravir (RAL)  
• Cabotegravir (CAB)  
• Elvitegravir (EVG), boosted  
• Boosted PIs  
• Efavirenz (EFV)  
• Etravirine (ETR)  
• Doravirine (DOR)  
• Fostemsavir (FTR)  • No significant interactions are expected. "
59,21,Antihypertensive Medications,"(also see prescribing information)  
→ Angiotensin -converting enzyme (ACE) inhibitors [a], angiotensin II receptor blockers (ARBs), calcium channel blockers (CCBs), beta blockers, direct renin inhibitors, 
diuretics  
Class or Drug  Mechanism of Action  Clinical Comments  
• NRTIs  
• Cabotegravir (CAB)  
• Raltegravir (RAL)  
• Rilpivirine (RPV)  
• Doravirine (DOR)  
• Efavirenz (EFV)  
• Fostemsavir (FTR) No significant interactions are expected.  No dose adjustments are necessary.  
• Dolut"
60,21,Antihypertensive Medications,"(also see prescribing information)  
→ Angiotensin -converting enzyme (ACE) inhibitors [a], angiotensin II receptor blockers (ARBs), calcium channel blockers (CCBs), beta blockers, direct renin inhibitors, 
diuretics  
Class or Drug  Mechanism of Action  Clinical Comments  
• ACE inhibitors, ARBs, CCBs, aliskiren, diuretics:  No dose 
adjustments are necessary.  
Elvitegravir (EVG), boosted  • Aliskiren:  P-gP inhibitors, including boosted EVG, decrease 
aliskiren elimination, increasing adverse"
61,21,Antihypertensive Medications,"(also see prescribing information)  
→ Angiotensin -converting enzyme (ACE) inhibitors [a], angiotensin II receptor blockers (ARBs), calcium channel blockers (CCBs), beta blockers, direct renin inhibitors, 
diuretics  
Class or Drug  Mechanism of Action  Clinical Comments  
Note:  
a. Although not typically nephrotoxic, ACE inhibitors can, rarely, contribute to renal dysfunction, particularly when combined w ith high -dose NSAIDs. Clinicians are advised to ask patients 
who are taking TDF about "
61,22,Anticoagulants,"(also see prescribing information)  
→ Warfarin, non -VKA oral anticoagulants (NOACs), low molecular weight heparins (LMWHs)  
Class or Drug  Mechanism of Action  Clinical Comments  
• NRTIs  
• Dolutegravir (DTG)  
• Bictegravir (BIC)  
• Cabotegravir (CAB)  
• Raltegravir (RAL)  
• Rilpivirine (RPV)  
• Doravirine (DOR)  No significant interactions are expected.  No dose adjustments are necessary.  
Elvitegravir (EVG), boosted  • Warfarin:  Metabolism of warfarin could potentially decrease 
(o"
62,22,Anticoagulants,"(also see prescribing information)  
→ Warfarin, non -VKA oral anticoagulants (NOACs), low molecular weight heparins (LMWHs)  
Class or Drug  Mechanism of Action  Clinical Comments  
‒ For patients with DVT and PE: Administer edoxaban 30  mg 
once daily.  
• LMWHs:  No dose adjustments are necessary.  
Boosted PIs  • Warfarin:  Metabolism of warfarin could potentially decrease 
(or more rarely) increase.  
• Rivaroxaban, dabigatran, apixaban:  Concentrations may 
increase, increasing bleeding ri"
63,22,Anticoagulants,"(also see prescribing information)  
→ Warfarin, non -VKA oral anticoagulants (NOACs), low molecular weight heparins (LMWHs)  
Class or Drug  Mechanism of Action  Clinical Comments  
Abbreviations:  ARV, antiretroviral; COBI, cobicistat; CrCl, creatinine clearance; CYP, cytochrome P450; DOAC, direct oral anticoagulant; DVT , deep vein thrombosis; INR, international 
normalized ratio; NRTI, nucleoside reverse transcriptase inhibitor; PE, pulmonary embolism; P -gP, P -glycoprotein; PI, protease in"
63,23,Antiplatelet Medications,"(also see prescribing information) 
→ Adenosine phosphate receptor inhibitors, cilostazol, dipyridamole  
Class or Drug  Mechanism of Action  Clinical Comments  
• NRTIs  
• Dolutegravir (DTG)  
• Bictegravir (BIC)  
• Cabotegravir (CAB)  
• Raltegravir (RAL)  
• Rilpivirine (RPV)  
• Doravirine (DOR)  No significant interactions are expected.  No dose adjustments are necessary.  
Elvitegravir (EVG), boosted  • Cilostazol  may be metabolized by CYP3A; COBI -boosted EVG 
can increase concentratio"
64,23,Antiplatelet Medications,"(also see prescribing information) 
→ Adenosine phosphate receptor inhibitors, cilostazol, dipyridamole  
Class or Drug  Mechanism of Action  Clinical Comments  
• Efavirenz (EFV)  
• Etravirine (ETR)  • Cilostazol:  EFV and ETR may reduce cilostazol concentrations.  
• Dipyridamole:  EFV and ETR may induce UGT enzymes, which 
are responsible for metabolism.  
• Ticagrelor, clopidogrel:  EFV and ETR reduce ticagrelor 
concentrations and conversion of clopidogrel to its active 
metabolite. 
• Vor"
64,24,Statins,"(also see prescribing information) 
Class or Drug  Mechanism of Action  Clinical Comments  
• NRTIs  
• Dolutegravir (DTG)  
• Bictegravir (BIC)  
• Cabotegravir (CAB)  
• Raltegravir (RAL)  
• Rilpivirine (RPV)  
• Doravirine (DOR)  No significant interactions are expected.  No dose adjustments are necessary.  
Elvitegravir (EVG), boosted  • Simvastatin, lovastatin:  Boosted EVG greatly increases 
concentrations. 
• Atorvastatin, rosuvastatin:  Boosted EVG may moderately 
increase concentration"
65,24,Statins,"(also see prescribing information) 
Class or Drug  Mechanism of Action  Clinical Comments  
Atazanavir (ATV), boosted  • Simvastatin, lovastatin:  Boosted ATV greatly increases 
concentrations. 
• Atorvastatin, rosuvastatin:  Boosted ATV may moderately 
increase concentrations.  
• Fluvastatin:  Interaction has not been studied, but potential for 
moderate increase is possible.  
• Pitavastatin, pravastatin:  Although moderate increases are 
possible, low doses are considered safe when used with"
66,24,Statins,"(also see prescribing information) 
Class or Drug  Mechanism of Action  Clinical Comments  
• Efavirenz (EFV) [a]  
• Etravirine (ETR)  • Simvastatin, lovastatin:  EFV and ETR may decrease 
concentrations. 
• Atorvastatin, pravastatin, fluvastatin:  EFV and ETR may 
modestly reduce concentrations. 
• Pitavastatin, rosuvastatin:  No significant interactions are 
expected.  • Simvastatin, lovastatin:  Monitor for efficacy. May warrant 
increases in statin dose. Do not increase dose above maximum 
"
66,25,Antidiabetic Medications,"(also see prescribing information) 
→ Metformin, sulfonylureas, thiazolidinediones (TZDs), dipeptidyl peptidase IV (DPP -4) inhibitors, glucosidase inhibitors, glucagon- like peptide 1 (GLP -1) agonists, 
sodium- glucose cotransporter 2 (SGLT -2) inhibitors 
Class or Drug  Mechanism of Action  Clinical Comments  
• NRTIs [a]  
• Cabotegravir (CAB)  
• Raltegravir (RAL)  
• Doravirine (DOR)  
• Fostemsavir (FTR) No significant interactions are expected.  No dose adjustments are necessary.  
• Dol"
67,25,Antidiabetic Medications,"(also see prescribing information) 
→ Metformin, sulfonylureas, thiazolidinediones (TZDs), dipeptidyl peptidase IV (DPP -4) inhibitors, glucosidase inhibitors, glucagon- like peptide 1 (GLP -1) agonists, 
sodium- glucose cotransporter 2 (SGLT -2) inhibitors 
Class or Drug  Mechanism of Action  Clinical Comments  
Elvitegravir (EVG), boosted  • Metformin:  COBI is known to inhibit MATE1, which is involved 
in metformin elimination, thus increasing metformin 
concentrations. 
• Glyburide  is mainl"
68,25,Antidiabetic Medications,"(also see prescribing information) 
→ Metformin, sulfonylureas, thiazolidinediones (TZDs), dipeptidyl peptidase IV (DPP -4) inhibitors, glucosidase inhibitors, glucagon- like peptide 1 (GLP -1) agonists, 
sodium- glucose cotransporter 2 (SGLT -2) inhibitors 
Class or Drug  Mechanism of Action  Clinical Comments  
Notes:  
a. An increased risk for bone fractures has been reported with canagliflozin, particularly in patients with a history of or who are at high risk of cardiovascular disease; ther"
68,26,Acid -Reducing Agents,"(also see prescribing information) 
→ Proton pump inhibitors (PPIs), histamine -2 receptor agonists (H2RAs)  
Class or Drug  Mechanism of Action  Clinical Comments  
• NRTIs  
• Dolutegravir (DTG)  
• Bictegravir (BIC)  
• Raltegravir (RAL)  
• Elvitegravir (EVG), boosted 
• Efavirenz (EFV)  
• Etravirine (ETR)  
• Doravirine (DOR)  
• Fostemsavir (FTR) No clinically significant interactions reported.  No dose adjustments are necessary.  
Atazanavir (ATV), unboosted  • ATV requires acidic gastri"
69,26,Acid -Reducing Agents,"(also see prescribing information) 
→ Proton pump inhibitors (PPIs), histamine -2 receptor agonists (H2RAs)  
Class or Drug  Mechanism of Action  Clinical Comments  
• Do not exceed dose equivalent to famotidine 20  mg of any 
H2RA. Total daily dose should not exceed 40  mg famotidine or 
equivalent, e.g., nizatidine 150 mg (300  mg daily).  
Atazanavir (ATV), boosted  • ATV requires acidic gastric pH for absorption, and acid-
reducing agents interfere with ATV absorption.  
• PPIs  markedly red"
70,26,Acid -Reducing Agents,"(also see prescribing information) 
→ Proton pump inhibitors (PPIs), histamine -2 receptor agonists (H2RAs)  
Class or Drug  Mechanism of Action  Clinical Comments  
Rilpivirine (RPV)  • PPIs and H2RAs inhibit gastric acid secretion by proton pumps, 
thereby increasing gastric pH.  
• Oral RPV requires acidic environment for optimal absorption.  
• H2RAs:  Concomitant use may decrease RPV absorption.  PPIs:  
• Concurrent use of PPIs with oral RPV is contraindicated.  
• Use of PPIs with injecta"
70,27,Polyvalent Cations,"(also see prescribing information)  
→ Supplements, antacids, and laxatives that contain aluminum, calcium, magnesium, zinc, and iron  
Class or Drug  Mechanism of Action  Clinical Comments  
• NRTIs  
• Darunavir (DRV), boosted or unboosted  
• Efavirenz (EFV)  
• Etravirine (ETR)  
• Doravirine (DOR)  
• Fostemsavir (FTR) No clinically significant interactions reported.  
No dose adjustments are necessary.  
All INSTIs  INSTIs form complexes with cations, resulting in reduced 
concentrations o"
71,27,Polyvalent Cations,"(also see prescribing information)  
→ Supplements, antacids, and laxatives that contain aluminum, calcium, magnesium, zinc, and iron  
Class or Drug  Mechanism of Action  Clinical Comments  
Bictegravir (BIC)  BIC can chelate with cations, reducing absorption of both drugs.  • Aluminum/magnesium -containing antacids:  Administer at 
least 6 hours before or 2 hours after BIC.  
• Calcium- containing  antacids:  
‒ Administer BIC and antacids together with food.  
‒ Do not coadminister BIC simult"
72,28,Asthma and Allergy Medications,"(also see prescribing information) 
→ Albuterol, tiotropium, aclidinium, montelukast, loratadine, cetirizine, diphenhydramine  
Class or Drug  Mechanism of Action  Clinical Comments  
• NRTIs  
• Dolutegravir (DTG)  
• Bictegravir (BIC)  
• Cabotegravir (CAB)  
• Raltegravir (RAL)  
• Elvitegravir (EVG), boosted  
• Boosted PIs  
• Rilpivirine (RPV)  
• Efavirenz (EFV)  
• Etravirine (ETR)  
• Doravirine (DOR)  No significant interactions reported.  No dose adjustments are necessary.  
Abbreviat"
72,29,Long -Acting Beta Agonists,"(LABAs; also see prescribing information)  
→ Salmeterol, formoterol, etc.  
Class or Drug  Mechanism of Action  Clinical Comments  
• NRTIs  
• Dolutegravir (DTG)  
• Bictegravir (BIC)  
• Cabotegravir (CAB)  
• Raltegravir (RAL)  
• Efavirenz (EFV)  
• Etravirine (ETR)  
• Doravirine (DOR)  No significant interactions reported.  No dose adjustments are necessary.  
Elvitegravir (EVG), boosted  CYP3A inhibition increases plasma concentrations of these 
agents. • Concomitant use is contraindicat"
73,29,Long -Acting Beta Agonists,"(LABAs; also see prescribing information)  
→ Salmeterol, formoterol, etc.  
Class or Drug  Mechanism of Action  Clinical Comments  
Rilpivirine (RPV)  RPV and drugs from LABA class may both theoretically increase 
QT interval, especially at high doses.  • No dose adjustments are necessary.  
• Do not use more LABA than recommended; this can increase 
risk of QT prolongation.  
Abbreviations:  ARV, antiretroviral; CYP, cytochrome P450; NRTI, nucleoside reverse transcriptase inhibitor; PI, protea"
73,30,Inhaled and Injected Corticosteroids,"(also see prescribing information) 
→ Fluticasone, triamcinolone, budesonide, and methyl prednisone [a]  
Class or Drug  Mechanism of Action  Clinical Comments  
• NRTIs  
• Dolutegravir (DTG)  
• Bictegravir (BIC)  
• Cabotegravir (CAB)  
• Raltegravir (RAL)  
• Doravirine (DOR)  
• Fostemsavir (FTR) No significant interactions reported.  No dose adjustments are necessary.  
Elvitegravir (EVG), boosted  Risk of Cushing’s syndrome occurs when boosted EVG is coadministered with the following cort"
74,30,Inhaled and Injected Corticosteroids,"(also see prescribing information) 
→ Fluticasone, triamcinolone, budesonide, and methyl prednisone [a]  
Class or Drug  Mechanism of Action  Clinical Comments  
‒ Intranasal or inhaled: Fluticasone, mometasone, ciclesonide, 
budesonide, triamcinolone  
‒ Systemic: Betamethasone, budesonide, dexamethasone  
‒ Injectable: Betamethasone, triamcinolone  • Fluticasone, mometasone, ciclesonide, budesonide, 
triamcinolone (intranasal or inhaled): Do not coadminister 
unless potential benefits outweigh"
75,30,Inhaled and Injected Corticosteroids,"(also see prescribing information) 
→ Fluticasone, triamcinolone, budesonide, and methyl prednisone [a]  
Class or Drug  Mechanism of Action  Clinical Comments  
• After stopping use of moderate  CYP3A4 inducer, continue to 
administer LEN PrEP every 6 months as scheduled without 
supplemental subcutaneous dosing.  Supplemental dosing only 
continues until the patient has stopped the inducer.  
Abbreviations:  ARV, antiretroviral; CYP, cytochrome P450; NRTI, nucleoside reverse transcriptase inhi"
75,31,Antidepressants,"(also see prescribing information)  
→ Including selective serotonin reuptake inhibitors (SSRIs), serotonin and norepinephrine reuptake inhibitors (SNRIs), trazodone, bupropion, and monoamine oxidase 
inhibitors (MAOIs) 
Class or Drug  Mechanism of Action  Clinical Comments  
• NRTIs  
• Dolutegravir (DTG)  
• Bictegravir (BIC)  
• Cabotegravir (CAB)  
• Raltegravir (RAL)  
• Rilpivirine (RPV)  
• Doravirine (DOR)  No significant interactions reported.  No dose adjustments are necessary.  
• Elv"
76,32,Benzodiazepines [a],"(also see prescribing information)  
Class or Drug  Mechanism of Action  Clinical Comments  
• NRTIs  
• Dolutegravir (DTG)  
• Bictegravir (BIC)  
• Cabotegravir (CAB)  
• Raltegravir (RAL)  
• Rilpivirine (RPV)  
• Doravirine (DOR)  
• Fostemsavir (FTR) No significant interactions reported.  No dose adjustments are necessary.  
Elvitegravir (EVG), boosted  • Boosting with cobicistat:  May increase benzodiazepine 
concentrations via CYP3A4 inhibition.  
• Midazolam, triazolam:  Levels likely to"
77,33,Sleep Medications,"(also see prescribing information) 
→ Non- benzodiazepine “Z -drugs,” melatonin, ramelteon, suvorexant  
Class or Drug  Mechanism of Action  Clinical Comments  
• NRTIs  
• Dolutegravir (DTG)  
• Bictegravir (BIC)  
• Cabotegravir (CAB)  
• Raltegravir (RAL)  
• Rilpivirine (RPV)  
• Doravirine (DOR)  
• Fostemsavir (FTR) No significant interactions reported.  No dose adjustments are necessary.  
Elvitegravir (EVG), boosted  • Suvorexant is a CYP3A substrate.  
• COBI inhibits CYP3A.  
• Zolpide"
78,34,Antipsychotics [a],"(also see prescribing information) 
→ First -generation, second-generation, atypical  
Class or Drug  Mechanism of Action  Clinical Comments  
• NRTIs  
• Dolutegravir (DTG)  
• Bictegravir (BIC)  
• Cabotegravir (CAB)  
• Raltegravir (RAL)  
• Doravirine (DOR)  No significant interactions are expected.  No dose adjustments are necessary.  
Elvitegravir (EVG), boosted  Several antipsychotic agents are substrates of CYP3A, and 
inhibitors of this enzyme may increase their concentrations.  • Queti"
79,34,Antipsychotics [a],"(also see prescribing information) 
→ First -generation, second-generation, atypical  
Class or Drug  Mechanism of Action  Clinical Comments  
Ritonavir (RTV)  • Haloperidol: Boosted PIs may moderately increase haloperidol 
concentrations. 
• Aripiprazole, brexpiprazole:  RTV-boosted PIs may increase 
aripiprazole and brexpiprazole levels.  
• Risperidone: Boosted PIs may moderately increase risperidone 
levels.  
• Clozapine:  Interaction has not been studied but RTV may 
theoretically increase"
80,34,Antipsychotics [a],"(also see prescribing information) 
→ First -generation, second-generation, atypical  
Class or Drug  Mechanism of Action  Clinical Comments  
Etravirine (ETR)  • Aripiprazole, brexpiprazole:  ETR may decrease aripiprazole 
and brexpiprazole concentrations.  
• Risperidone: ETR may decrease risperidone efficacy.  Aripiprazole, brexpiprazole, risperidone: Titrate slowly to 
achieve clinical effect; monitor for efficacy and adverse effects.  
Fostemsavir (FTR) FTR may prolong QT.  Use caution when"
80,35,Anticonvulsants [a],"(also see prescribing information)  
→ Including phenytoin, phenobarbital, carbamazepine, oxcarbazepine, lamotrigine, valproic acid, gabapentin, topiramate, zonisam ide 
Class or Drug  Mechanism of Action  Clinical Comments  
Tenofovir disoproxil fumarate 
(TDF)  • Zonisamide:  TDF may increase concentration of zonisamide. 
• Topiramate:  No significant interactions reported.  • Zonisamide:  When using with TDF, monitor for adverse effects.  
• Topiramate: When using with TDF, monitor renal func"
81,35,Anticonvulsants [a],"(also see prescribing information)  
→ Including phenytoin, phenobarbital, carbamazepine, oxcarbazepine, lamotrigine, valproic acid, gabapentin, topiramate, zonisam ide 
Class or Drug  Mechanism of Action  Clinical Comments  
Elvitegravir (EVG), boosted  Carbamazepine, oxcarbazepine, phenobarbital, and phenytoin:  
Coadministration may significantly reduce concentrations of ARVs 
through induction of CYP450 system.  Carbamazepine, oxcarbazepine, phenobarbital, phenytoin:  
• Coadministration is "
82,35,Anticonvulsants [a],"(also see prescribing information)  
→ Including phenytoin, phenobarbital, carbamazepine, oxcarbazepine, lamotrigine, valproic acid, gabapentin, topiramate, zonisam ide 
Class or Drug  Mechanism of Action  Clinical Comments  
• Efavirenz (EFV)  
• Etravirine (ETR)  • Lamotrigine, zonisamide:  EFV and ETR may reduce lamotrigine 
and zonisamide efficacy.  
• Gabapentin, topiramate:  No significant interactions reported.  • Lamotrigine, zonisamide:  Titrate slowly to achieve clinical 
effect; monit"
83,35,Anticonvulsants [a],"(also see prescribing information)  
→ Including phenytoin, phenobarbital, carbamazepine, oxcarbazepine, lamotrigine, valproic acid, gabapentin, topiramate, zonisam ide 
Class or Drug  Mechanism of Action  Clinical Comments  
Notes:  
a. Levetiracetam is safe with all ARVs, with no significant interactions expected and no dose adjustments required.  
b. For individuals using subcutaneous LEN every 6 months for HIV prevention. No guidance is currently available for (1) individuals using weekly or"
83,36,Nonopioid Pain Medications,"(also see prescribing information)  
→ Triptans, tricyclic antidepressants (TCAs), pregabalin, nonsteroidal anti -inflammatory drugs (NSAIDs) [a], acetaminophen  
Class or Drug  Mechanism of Action  Clinical Comments  
• NRTIs  
• Dolutegravir (DTG)  
• Bictegravir (BIC)  
• Cabotegravir (CAB)  
• Raltegravir (RAL)  
• Rilpivirine (RPV)  
• Efavirenz (EFV)  
• Etravirine (ETR)  
• Doravirine (DOR)  
• Fostemsavir (FTR) No significant interactions are expected.  No dose adjustments are necessary."
84,37,Opioid Analgesics and Tramadol,"(also see prescribing information) 
Class or Drug  Mechanism of Action  Clinical Comments  
• NRTIs  
• Dolutegravir (DTG)  
• Bictegravir (BIC)  
• Cabotegravir (CAB)  
• Raltegravir (RAL)  
• Rilpivirine (RPV)  
• Etravirine (ETR)  
• Doravirine (DOR)  
• Fostemsavir (FTR) No significant interactions reported.  No dose adjustments are required.  
Elvitegravir (EVG), boosted  • Opioid analgesics:  Complex mechanisms of metabolism and 
formation of both active and inactive metabolites create 
in"
85,38,Hormonal Contraceptives,"(also see prescribing information)  
→ Combined oral contraceptives, including ethinyl estradiol, norethindrone, and levonorgestrel  
Class or Drug  Mechanism of Action  Clinical Comments  
• NRTIs  
• Dolutegravir (DTG)  
• Bictegravir (BIC)  
• Cabotegravir (CAB)  
• Raltegravir (RAL)  
• Doravirine (DOR)  No significant drug interactions reported.  No dose adjustments are necessary.  
Elvitegravir (EVG), boosted  Drospirenone:  Concomitant use may cause hyperkalemia.  • Ethinyl estradiol, nor"
86,38,Hormonal Contraceptives,"(also see prescribing information)  
→ Combined oral contraceptives, including ethinyl estradiol, norethindrone, and levonorgestrel  
Class or Drug  Mechanism of Action  Clinical Comments  
pregnancies have been reported in individuals using 
levonorgestrel implants.  
• Norethindrone, drospirenone, etonogestrel: Consider 
alternative or additional contraceptive methods or alternative 
ARV.  
• Ulipristal: Monitor closely for reduced efficacy.  
Etravirine (ETR)  Information is based on what is "
86,39,Erectile and Sexual Dysfunction Agents,"(also see prescribing information)  
→ Sildenafil [a], vardenafil, tadalafil [b,c], and alprostadil for men; flibanserin [d] for women  
Class or Drug  Mechanism of Action  Clinical Comments  
• NRTIs  
• Dolutegravir (DTG)  
• Bictegravir (BIC)  
• Cabotegravir (CAB)  
• Raltegravir (RAL)  
• Rilpivirine (RPV)  
• Doravirine (DOR)  No significant interactions reported.  No dose adjustments are necessary.  
Elvitegravir (EVG), boosted  PDE5 inhibitors:  PDE5 inhibitors are substrates of CYP3A. 
"
87,39,Erectile and Sexual Dysfunction Agents,"(also see prescribing information)  
→ Sildenafil [a], vardenafil, tadalafil [b,c], and alprostadil for men; flibanserin [d] for women  
Class or Drug  Mechanism of Action  Clinical Comments  
Atazanavir (ATV), unboosted  Avanafil:  Increased avanafil concentration is expected (for other 
oral erectile dysfunction agents , see above).  Avanafil:  Do not exceed 50  mg every 24 hours.  
Boosted PIs  • PDE5 inhibitors:  Increased PDE5 inhibitor concentrations are 
expected.  
• Flibanserin: Increas"
88,40,Alpha- Adrenergic Antagonists for Benign Prostatic Hyperplasia,"(also see prescribing information)  
Class or Drug  Mechanism of Action  Clinical Comments  
• NRTIs  
• Bictegravir (BIC)  
• Cabotegravir (CAB)  
• Dolutegravir (DTG)  
• Raltegravir (RAL)  
• Doravirine (DOR)  
• Rilpivirine (RPV)  
• Efavirenz (EFV)  
• Etravirine (ETR)  
• Fostemsavir (FTR) 
• Maraviroc (MVC)  No significant interactions reported.  No dose adjustments are necessary.  
PIs Boosted or unboosted atazanavir (i.e., with or without COBI or 
RTV) and darunavir boosted with COBI or"
88,41,Tobacco and Smoking Cessation Products,"(also see prescribing information)  
Class or Drug  Mechanism of Action  Clinical Comments  
• NRTIs  
• Dolutegravir (DTG)  
• Bictegravir (BIC)  
• Cabotegravir (CAB)  
• Raltegravir (RAL)  
• Elvitegravir (EVG), boosted  
• Boosted PIs  
• Rilpivirine (RPV)  
• Doravirine (DOR)  
• Fostemsavir (FTR) No significant interactions reported.  No dose adjustments are necessary."
89,41,Tobacco and Smoking Cessation Products,"(also see prescribing information)  
Class or Drug  Mechanism of Action  Clinical Comments  
• Efavirenz (EFV)  
• Etravirine (ETR)  • No significant interactions are expected.  
• EFV (but not ETR) may increase bupropion metabolism.  • No dose adjustments are necessary.  
• Bupropion:  Monitor for clinical effect and increase as needed, 
but do not exceed recommended maximum dose.  
Abbreviations:  NRTI, nucleoside reverse transcriptase inhibitor; PI, protease inhibitor.  
 
"
89,42,"Alcohol, Disulfiram, and Acamprosate [a]","(also see prescribing information)  
Class or Drug  Mechanism of Action  Clinical Comments  
• Other NRTIs  
• Dolutegravir (DTG)  
• Bictegravir (BIC)  
• Cabotegravir (CAB)  
• Raltegravir (RAL)  
• Elvitegravir (EVG), boosted  
• Other boosted PIs  
• Rilpivirine (RPV)  
• Efavirenz (EFV)  
• Etravirine (ETR)  
• Doravirine (DOR)  
• Fostemsavir (FTR) No significant interactions reported.  No dose adjustments are necessary.  
Abacavir (ABC)  Alcohol:  ABC is metabolized via alcohol dehydrogen"
90,43,"Methadone, Buprenorphine","(BUP), Naloxone (NLX), and Naltrexone [a] (also see prescribing information)  
Class or Drug  Mechanism of Action  Clinical Comments  
• NRTIs  
• Dolutegravir (DTG)  
• Bictegravir (BIC)  
• Cabotegravir (CAB)  
• Raltegravir (RAL)  
• Elvitegravir (EVG), boosted  
• Doravirine (DOR)  
• Fostemsavir (FTR) BUP, methadone:  No significant interactions are expected. No dose adjustments are necessary.  
Atazanavir (ATV), unboosted  • BUP, norbuprenorphine:  ATV greatly increases BUP and 
norbupreno"
91,43,"Methadone, Buprenorphine","(BUP), Naloxone (NLX), and Naltrexone [a] (also see prescribing information)  
Class or Drug  Mechanism of Action  Clinical Comments  
Lenacapavir (LEN)  Methadone, BUP:  Moderate inhibition of CYP3A4 and P -gP 
potentially increases methadone or BUP levels.  • Patients initiating MAT while already on LEN:  Initiate MAT at 
lowest initial or maintenance dose.  
• Patients initiating LEN while already on MAT:  MAT dose 
adjustments may be needed.  
• Monitor for excess sedation and/or respiratory"
91,44,Immunosuppressants [a],"(also see prescribing information) 
Class or Drug  Mechanism of Action  Clinical Comments  
• NRTIs  
• Dolutegravir (DTG)  
• Raltegravir (RAL)  
• Rilpivirine (RPV)  
• Doravirine (DOR)  No significant interactions reported.  No dose adjustments are necessary.  
Bictegravir (BIC)  Cyclosporine  may increase BIC concentrations to modest degree 
via P -gP inhibition.  Cyclosporine:  Monitor for BIC -related adverse effects.  
Elvitegravir (EVG), boosted  Everolimus, sirolimus, cyclosporine, tacr"
92,45,Rifamycins and Other Antituberculosis Medications,"(also see prescribing information)  
→ Rifampin, rifabutin, rifapentine [a]; isoniazid [b], pyrazinamide [b], ethambutol [b], rifaximin [b] 
Class or Drug  Mechanism of Action  Clinical Comments  
• Emtricitabine (FTC) 
• Lamivudine (3TC)  
• Tenofovir disoproxil 
fumarate (TDF)  No clinically significant interactions are expected.  No dose adjustments are necessary.  
Abacavir (ABC)  • Rifabutin, rifapentine:  No clinically significant interactions are 
expected.  
• Rifampin  may reduce ABC co"
93,45,Rifamycins and Other Antituberculosis Medications,"(also see prescribing information)  
→ Rifampin, rifabutin, rifapentine [a]; isoniazid [b], pyrazinamide [b], ethambutol [b], rifaximin [b] 
Class or Drug  Mechanism of Action  Clinical Comments  
Rilpivirine (RPV)  Rifabutin, rifampin, rifapentine:  Coadministration may 
significantly reduce RPV concentrations through induction of 
CYP450, UGT1A, and/or P -gP systems.  • Rifabutin: 
‒ Oral RPV : Increase RPV dose to 50  mg once daily [DHHS(a) 
2024] . 
‒ Injectable RPV: Concomitant use is contr"
94,45,Rifamycins and Other Antituberculosis Medications,"(also see prescribing information)  
→ Rifampin, rifabutin, rifapentine [a]; isoniazid [b], pyrazinamide [b], ethambutol [b], rifaximin [b] 
Class or Drug  Mechanism of Action  Clinical Comments  
Raltegravir (RAL)  • Rifabutin:  No clinically significant interactions are expected.  
• Rifampin:  CYP3A induction reduces RAL bioavailability.  
• Rifapentine:  Induction of metabolism may reduce RAL 
metabolism.  • Rifabutin:  No dose adjustments are necessary.  
• Rifampin:  
‒ When used concomita"
95,45,Rifamycins and Other Antituberculosis Medications,"(also see prescribing information)  
→ Rifampin, rifabutin, rifapentine [a]; isoniazid [b], pyrazinamide [b], ethambutol [b], rifaximin [b] 
Class or Drug  Mechanism of Action  Clinical Comments  
Administration. The use of Biktarvy in individuals with HIV/TB coinfection is investigational, and the safety and efficacy of  this use have not been established. Other twice -daily INSTI 
alternatives are available for managing TB . 
d. For individuals using subcutaneous LEN every 6 months for HIV pre"
95,46,COVID -19 Therapeutics,"(also see prescribing information and emergency use authorizations [FDA(c) 2025; FDA(b) 2024] ) 
→ Molnupiravir, nirmatrelvir/ritonavir (RTV), monoclonal antibodies  
Class or Drug  Mechanism of Action  Clinical Comments  
• All NRTIs  
• Doravirine (DOR)  
• Etravirine (ETR)  
• Rilpivirine (RPV)  
• Cabotegravir (CAB)  
• Dolutegravir (DTG)  
• Raltegravir (RAL)  No clinically significant interactions expected.  No dose adjustments are necessary.  
• Efavirenz (EFV)  
• Nevirapine (NVP)  
• Bi"
96,47,Mpox Treatments,"(also see prescribing information and CDC: Mpox Treatment Information for Healthcare Professionals ) 
→ Tecovirimat [a], vaccinia immune globulin intravenous (VIGIV), cidofovir, brincidofovir  
Class or Drug  Mechanism of Action  Clinical Comments  
• Bictegravir (BIC)  
• Cabotegravir (CAB), IM or 
oral 
• Dolutegravir (DTG)  
• Raltegravir (RAL)  No clinically significant interactions expected.  No dose adjustments are necessary.  
All NRTIs  Cidofovir  is eliminated via glomerular filtration "
97,47,Mpox Treatments,"(also see prescribing information and CDC: Mpox Treatment Information for Healthcare Professionals ) 
→ Tecovirimat [a], vaccinia immune globulin intravenous (VIGIV), cidofovir, brincidofovir  
Class or Drug  Mechanism of Action  Clinical Comments  
Fostemsavir (FTR) • Brincidofovir  is a substrate for OATP1B1 and OATP1B3.  
• Tecovirimat is a weak inducer of CYP3A and a weak inhibitor of 
CYP2C8 and CYP2C19.  • Brincidofovir:  FTR inhibits OATP1B1 and may increase 
brincidofovir levels. Avoid c"
97,48,"Gender -Affirming Hormones [a] [Coleman, et al. 2022; Cirrincione, et al. 2020; Irving and Lehault 2017]","(also see prescribing information) 
→ Dutasteride, estradiol, finasteride, goserelin, leuprolide acetate, spironolactone, testosterone  
Class or Drug  Mechanism of Action  Clinical Comments  
• Fostemsavir (FTR) 
• Maraviroc (MVC)  
• Lenacapavir (LEN)  No clinically significant interactions expected.  No dose adjustments are necessary."
98,48,"Gender -Affirming Hormones [a] [Coleman, et al. 2022; Cirrincione, et al. 2020; Irving and Lehault 2017]","(also see prescribing information) 
→ Dutasteride, estradiol, finasteride, goserelin, leuprolide acetate, spironolactone, testosterone  
Class or Drug  Mechanism of Action  Clinical Comments  
Cobicistat (COBI)  • Estradiol: COBI -boosted PIs and EVG/COBI may increase 
estradiol levels via CYP3A inhibition.  
• Finasteride, dutasteride:  COBI -boosted PIs and EVG/COBI may 
increase finasteride or dutasteride levels, but with minimal 
clinical significance.  
• Progestins (oral medroxyprogesteron"
99,48,"Gender -Affirming Hormones [a] [Coleman, et al. 2022; Cirrincione, et al. 2020; Irving and Lehault 2017]","(also see prescribing information) 
→ Dutasteride, estradiol, finasteride, goserelin, leuprolide acetate, spironolactone, testosterone  
Class or Drug  Mechanism of Action  Clinical Comments  
Nevirapine  (NVP ) • Estradiol: NVP may reduce estradiol levels via CYP3A induction.  
• Finasteride, dutasteride: NVP may reduce finasteride and 
dutasteride levels via CYP3A induction . 
• Progestins (oral medroxyp rogestero ne, micronized 
progesterone): NVP may reduce progestin levels via CYP3A 
induct"
100,49,ADHD Medications and Lithium,"(also see prescribing information) 
Class or Drug  Mechanism of Action  Clinical Comments  
• NRTIs  
• Bictegravir (BIC)  
• Cabotegravir (CAB)  
• Dolutegravir (DTG)  
• Raltegravir (RAL)  
• Fostemsavir (FTR) 
• Maraviroc (MVC)  No clinically significant interactions expected.  No dose adjustments are necessary.  
Boosted PIs  • Methylphenidate, amphetamine, dextroamphetamine:  
CYP2D6 inhibition may increase drug concentrations with 
concurrent RTV use. 
• Modafinil:  CYP3A4 induction may re"
